CCNumber,IdNumber
3574864093367050,101-80-6809
6331102342350360000,101-80-6809
3534100000000000,103-39-9082
342074413811581,108-89-2580
3529910000000000,108-89-2580
3547170000000000,108-89-2580
589317467305610000,108-89-2580
633110425771284000,108-89-2580
30543317561150,110-92-9432
5602222797209890,110-92-9432
3551878606259720,111-06-3953
3579511873800360,111-06-3953
3581343023955210,111-06-3953
5048376877059630,111-06-3953
30318034651463,125-26-3800
201433489916551,125-26-3800
201782033285206,125-26-3800
3530000000000000,125-26-3800
3551717109942680,125-26-3800
3562742056010930,125-26-3800
3576760000000000,125-26-3800
3586680032524760,125-26-3800
3539717525005160,128-18-4009
3547793521566850,128-18-4009
3572430639648050,128-18-4009
3576975992701180,128-18-4009
67712123451123100,128-18-4009
201671966652146,145-66-9103
3551188750606450,145-82-0407
3565877140664120,145-82-0407
4026425068187020,145-82-0407
5100132903122100,145-82-0407
5100135484883340,145-82-0407
5602253730304860000,145-82-0407
30509392161620,177-04-9084
3544438981767990,177-04-9084
3574291835550090,177-04-9084
5100132299775040,177-04-9084
4508058410058760,180-25-2553
5038664938211620,180-25-2553
676336089482962000,180-25-2553
5893104423979770000,180-25-2553
3529677643006870,198-38-4578
3543894557176510,198-38-4578
3551041918641700,198-38-4578
3554610000000000,198-38-4578
4905491663960090,204-28-8896
630403677874250000,204-28-8896
677121644370188000,204-28-8896
3551973163553380,218-84-9492
5002355612690990,218-84-9492
5100180000000000,218-84-9492
376830906612391,229-59-0876
3534878219482180,229-59-0876
3553841562876420,229-59-0876
5573762010429660,229-59-0876
561062749709442000,229-59-0876
3533203008619870,230-25-4993
3533770000000000,230-25-4993
5280874544244300,230-25-4993
6393079120892500,230-25-4993
3553729667532180,231-11-3530
3582914030576110,231-11-3530
201417363261853,259-54-0240
201798540337868,259-54-0240
374622056713919,259-54-0240
3587911006206890,259-54-0240
5100150000000000,259-54-0240
5543322295192220,259-54-0240
6334390000000000,259-54-0240
30249178556913,268-85-2186
4178554306367010,268-85-2186
676723079474436000,268-85-2186
201896277277966,295-81-9852
3537730000000000,295-81-9852
3547416898908040,295-81-9852
3562531051613390,295-81-9852
5007663680665850,295-81-9852
5602220000000000,295-81-9852
6371581135245150,295-81-9852
3542580125078110,308-70-7714
4175003180416130,308-70-7714
5602227134072710,308-70-7714
6304288987988750000,325-47-7341
5126769663243330,328-95-9571
5390235117869800,328-95-9571
5578474064818190,328-95-9571
3533582144495400,330-82-7676
374622245079784,338-81-4533
3536074203265370,338-81-4533
3545060513688490,338-81-4533
3583667894239510,338-81-4533
5147866886243930,338-81-4533
6709194498055610000,338-81-4533
347715934227567,343-45-7162
604109178427943,343-45-7162
3538934694382810,343-45-7162
3571856663706920,343-45-7162
3577030424624540,343-45-7162
3577713754702980,348-29-4485
5272534470827960,348-29-4485
5270693624564640,355-22-3639
340504228279030,398-31-8470
3530439267248510,398-31-8470
3536537214895750,398-31-8470
4026956654945200,398-31-8470
5602232228869930,398-31-8470
676734310458615000,398-31-8470
201523480361664,400-36-3425
604552904460987,400-36-3425
3536140000000000,400-36-3425
3540762522322860,400-36-3425
3545596846338060,400-36-3425
3560963669851860,400-36-3425
3566730000000000,400-36-3425
3572860635935950,400-36-3425
3573446750461060,400-36-3425
3577713501527430,400-36-3425
5602257006097840,400-36-3425
6333421339896360000,400-36-3425
3537975768279470,400-90-1153
3542385432696370,400-90-1153
3559330000000000,400-90-1153
3569271756700750,400-90-1153
3585320000000000,400-90-1153
5602249570909750,400-90-1153
3579536715966430,407-50-6880
6761285085155450,407-50-6880
670681605603154000,407-50-6880
6767979918922120000,407-50-6880
4041592051965,421-90-4188
3540855763311150,421-90-4188
3561818078632850,421-90-4188
3575110000000000,421-90-4188
670628329061184000,421-90-4188
30518899462605,421-98-5699
379227978605428,421-98-5699
633110584226870000,421-98-5699
6333713890601730000,421-98-5699
30493376871100,425-59-3560
4175009704740750,425-59-3560
4405661591037630,425-59-3560
5396992871768830,425-59-3560
6762300775990080000,425-59-3560
3537728362944130,428-40-6983
3543434289232040,428-40-6983
3563086823177290,428-40-6983
3568010326323980,428-40-6983
3572809925296930,428-40-6983
3580469813897820,428-40-6983
4017958682008410,428-50-4483
3572728285146730,435-23-9229
4026587898901130,435-23-9229
5546031485583610,435-23-9229
3574938784740550,445-88-3014
4041372411228870,445-88-3014
4917157834747970,445-88-3014
6767267633946130000,445-88-3014
201612145320502,447-67-7867
201857923472799,447-67-7867
3576529150931980,447-67-7867
5100148912932160,447-67-7867
5503847959184660,447-67-7867
633470529198068000,447-67-7867
3549495175772730,451-99-5074
3561650000000000,451-99-5074
3532311002607720,460-16-7532
676792296800319000,460-16-7532
3536114053104050,461-42-0422
3542529535453830,461-42-0422
3567214813136700,461-42-0422
3573135210823310,461-42-0422
3587698518456990,461-42-0422
6759617309132010,461-42-0422
5007662904797910,462-09-0096
502076128685849000,462-09-0096
604305021874543,466-79-6302
3542675666482940,466-79-6302
5412585745503150,466-79-6302
3539620181909190,505-93-0212
4917220884067410,505-93-0212
633330240336426000,505-93-0212
30266093199231,506-46-8522
374622692339418,506-46-8522
5010120000000000,506-46-8522
4911950284247150000,506-46-8522
3529005323859570,509-54-2135
3554603827520420,509-54-2135
5602247778907540,509-54-2135
5610111351031550000,515-44-9197
201997015994605,524-21-8721
3570126913812330,524-21-8721
491110910393352000,524-21-8721
201625803140160,524-54-7928
3579296498037750,524-54-7928
5451640000000000,524-54-7928
6709001134844100,524-54-7928
67639160667097100,524-54-7928
4017953702735,525-47-2559
30175504768312,525-47-2559
3530348323195380,525-47-2559
3537376151020790,525-47-2559
3584579898028570,525-47-2559
3588602675178190,525-47-2559
30245388065760,530-39-6371
3528665603208930,530-39-6371
3557806155582450,530-39-6371
3559049182969300,530-39-6371
3559328487415570,530-39-6371
4405427452378120,530-39-6371
5602219991192010,530-39-6371
3529948697780680,530-83-7284
5010127920934960,530-83-7284
490378305932845000,530-83-7284
6759674157150380000,530-83-7284
375248870646330,535-57-0398
3551364577227110,535-57-0398
3564126797655880,535-57-0398
201747344349371,554-94-1362
3541459499494840,554-94-1362
3572938683071120,554-94-1362
3584200000000000,554-94-1362
4913601456008010,554-94-1362
3538730000000000,554-99-1133
3545285849006920,554-99-1133
3571845432426540,554-99-1133
5038870240566870,554-99-1133
5602218680481640,554-99-1133
3556963530530050,568-07-1744
561021488531161000,568-07-1744
6759325309158480000,568-07-1744
490341451339820000,573-37-0258
30248390752755,582-62-9393
30458855825729,582-62-9393
3530129015607170,582-62-9393
3534859547977540,582-62-9393
3552387388210960,582-62-9393
3562531429255430,582-62-9393
3571140000000000,582-62-9393
3580635304032930,582-62-9393
5018117833621990000,582-62-9393
30247900270415,597-98-6978
36584611041014,597-98-6978
3531480000000000,597-98-6978
3565167861534560,597-98-6978
3532983619480890,604-47-7128
3534725084426470,604-47-7128
5128122377448680,604-47-7128
3538438591687890,613-16-3149
3552348797652770,613-16-3149
3565116598119680,613-16-3149
3573561638495680,613-16-3149
5207829702606870,613-16-3149
67715603904103200,613-16-3149
3552863379293170,613-18-9460
3557654270598420,613-18-9460
3568575766014360,613-18-9460
3587470000000000,613-18-9460
5596287733266640,613-18-9460
560225735190683000,613-18-9460
201566560544949,626-46-8738
3563008635781390,626-46-8738
5010122217813070,626-46-8738
633110980799929000,626-46-8738
36223573391642,651-24-5893
374288578516261,651-24-5893
3550380000000000,651-24-5893
3574580028657910,651-24-5893
4508873587810520,651-24-5893
5100137305643070,651-24-5893
5602218252147080,651-24-5893
56102506064855800,651-24-5893
4405770000000000,663-10-8108
4913714737623900,663-10-8108
5314440451306780,663-10-8108
6333011704536670,663-10-8108
560225445001230000,663-10-8108
677186925497484000,663-10-8108
201952252883953,664-23-6588
3560078611086230,664-23-6588
3583755318507780,664-23-6588
3534592447887890,664-79-3742
5448441497854580,664-79-3742
5553846833180410,664-79-3742
6709909494255720000,664-79-3742
30522907757188,665-81-7827
374573970768358,665-81-7827
3574648447355590,665-81-7827
3578574439957470,665-81-7827
5423524163886290,665-81-7827
5602247771646790,665-81-7827
67639098782359600,665-81-7827
30025340088484,677-65-1020
3557907331264630,677-65-1020
5100170775779790,677-65-1020
5020502492956590000,679-78-7413
374622488262758,690-78-9994
3554041316723680,690-78-9994
4041594619053590,690-78-9994
3575918146788340,694-53-4257
4508569811969600,694-53-4257
201691395094033,699-34-9097
3543032820521700,699-34-9097
3561211638499030,699-34-9097
6334882570578250,699-34-9097
3547942541351280,725-18-4216
3565460808233640,725-18-4216
633441235833352000,725-18-4216
670936967349625000,725-18-4216
675972005194552000,725-18-4216
3537000000000000,761-16-2295
3585186099545080,761-16-2295
5100132410316850,761-16-2295
6759239670794390,761-16-2295
36748118569278,782-76-3431
337941445198913,782-76-3431
5641824877945390000,782-76-3431
201621876424953,798-59-6194
374232490211346,798-59-6194
6709310680240150,798-59-6194
675960500013574000,798-59-6194
5602214406164570000,798-59-6194
374622110881868,802-04-6493
3553891856041270,802-04-6493
50383242458917400,802-04-6493
3534438678829420,802-07-5688
3548591660069580,802-07-5688
4903590088351380,802-07-5688
5020953588984560000,802-07-5688
3549853526110140,807-36-9749
3554123160541610,807-36-9749
4508618614503490,807-36-9749
3559574663410040,820-83-3833
67712928449740200,820-83-3833
5641820862173250000,820-83-3833
3541815132302320,823-73-8090
3564388709422360,823-73-8090
3561949041551890,825-91-0907
4508130402433350,825-91-0907
5572532378803500,825-91-0907
3529040000000000,838-92-6079
4903518267878090,838-92-6079
490313493768071000,838-92-6079
4903651435504230000,838-92-6079
3539837705332330,839-19-7889
4913226113174740,839-19-7889
4905794148323440000,839-19-7889
30319147429805,851-56-7586
201966067471754,851-56-7586
374283081003451,851-56-7586
4913575382788430,851-56-7586
5548495705042340,851-56-7586
5602218754092650,851-56-7586
30177988092441,860-27-4172
3541510000000000,860-27-4172
3559003706156550,860-27-4172
561019050531619000,860-27-4172
6709146527211150000,860-27-4172
345850915656716,864-46-2960
3533182408782200,864-46-2960
3555040493607820,864-46-2960
3579109723072650,864-46-2960
4026133583005370,864-46-2960
5048376515301150,864-46-2960
6759646603454770000,864-46-2960
3529534172559110,870-70-9543
5602213781650120,870-70-9543
6759997938924500000,870-70-9543
3579315646432450,872-03-0046
3580740497679200,872-03-0046
5100174686070340,872-03-0046
633428547408470000,872-03-0046
3529010580751920,877-50-5482
4175003805153870,877-50-5482
3535230000000000,878-29-9862
3538530478209610,878-29-9862
3544941837444430,878-29-9862
3556833244070830,878-29-9862
3561756498356960,878-29-9862
6333296463440950000,878-29-9862
3530619573880700,885-94-0918
3567847056280390,885-94-0918
4913619182917480,885-94-0918
5602247876638700,885-94-0918
560224532065272000,885-94-0918
5038890142512780000,885-94-0918
4041593348550,892-61-7475
30391565769566,892-61-7475
343659231792507,892-61-7475
3535375490889030,892-61-7475
490389115571121000,892-61-7475
201579358216927,893-82-7957
344744730786546,893-82-7957
374283425662400,893-82-7957
3578559532948000,893-82-7957
3580053391673480,893-82-7957
3580214784508880,893-82-7957
5002358609369990,893-82-7957
6759876377170810,893-82-7957
604394363009598000,893-82-7957